{"cameraMode":{"drawMode":0,"name":"Shaded","section":"Shading Mode"},"sceneLighting":false,"audioPlay":false,"sceneViewState":{"m_AlwaysRefresh":false,"showFog":true,"showSkybox":false,"showFlares":true,"showImageEffects":true,"showParticleSystems":true,"showVisualEffectGraphs":true,"m_FxEnabled":false},"in2DMode":false,"pivot":{"x":-5.1634907722473148,"y":0.8413587212562561,"z":16.139619827270509},"rotation":{"x":0.032857101410627368,"y":-0.9633283615112305,"z":0.13699458539485932,"w":0.2295803725719452},"size":1.4497181177139283,"orthographic":false}