{"cameraMode":{"drawMode":0,"name":"Shaded","section":"Shading Mode"},"sceneLighting":true,"audioPlay":false,"sceneViewState":{"m_AlwaysRefresh":false,"showFog":true,"showSkybox":true,"showFlares":true,"showImageEffects":true,"showParticleSystems":true,"showVisualEffectGraphs":true,"m_FxEnabled":false},"in2DMode":false,"pivot":{"x":1.8321144580841065,"y":1.3011001348495484,"z":15.515735626220704},"rotation":{"x":0.04103092849254608,"y":-0.9446567296981812,"z":0.1285458207130432,"w":0.29995277523994448},"size":1.4244688749313355,"orthographic":false}