{"cameraMode":{"drawMode":0,"name":"Shaded","section":"Shading Mode"},"sceneLighting":false,"audioPlay":false,"sceneViewState":{"m_AlwaysRefresh":false,"showFog":true,"showSkybox":false,"showFlares":true,"showImageEffects":true,"showParticleSystems":true,"showVisualEffectGraphs":true,"m_FxEnabled":false},"in2DMode":false,"pivot":{"x":-3.359490394592285,"y":0.8413587212562561,"z":16.139619827270509},"rotation":{"x":-0.0010598001535981894,"y":-0.9979156851768494,"z":0.06627184897661209,"w":-0.017989207059144975},"size":1.4497178792953492,"orthographic":false}