{"cameraMode":{"drawMode":0,"name":"Shaded","section":"Shading Mode"},"sceneLighting":true,"audioPlay":false,"sceneViewState":{"m_AlwaysRefresh":false,"showFog":true,"showSkybox":true,"showFlares":true,"showImageEffects":true,"showParticleSystems":true,"showVisualEffectGraphs":true,"m_FxEnabled":true},"in2DMode":false,"pivot":{"x":-25.215543746948243,"y":2.0893843173980715,"z":0.3363160490989685},"rotation":{"x":-0.062056489288806918,"y":-0.44279927015304568,"z":0.030743753537535669,"w":-0.893952488899231},"size":0.02840731479227543,"orthographic":false}