{"cameraMode":{"drawMode":0,"name":"Shaded","section":"Shading Mode"},"sceneLighting":true,"audioPlay":false,"sceneViewState":{"m_AlwaysRefresh":false,"showFog":true,"showSkybox":true,"showFlares":true,"showImageEffects":true,"showParticleSystems":true,"showVisualEffectGraphs":true,"m_FxEnabled":true},"in2DMode":false,"pivot":{"x":-24.623376846313478,"y":1.4506423473358155,"z":1.0625406503677369},"rotation":{"x":-0.28259143233299258,"y":-0.3326650857925415,"z":0.10522571206092835,"w":-0.8935510516166687},"size":1.1080838441848755,"orthographic":false}