{"cameraMode":{"drawMode":0,"name":"Shaded","section":"Shading Mode"},"sceneLighting":true,"audioPlay":false,"sceneViewState":{"m_AlwaysRefresh":false,"showFog":true,"showSkybox":true,"showFlares":true,"showImageEffects":true,"showParticleSystems":true,"showVisualEffectGraphs":true,"m_FxEnabled":true},"in2DMode":false,"pivot":{"x":2.369999885559082,"y":2.0503804683685304,"z":-6.230000019073486},"rotation":{"x":0.21320413053035737,"y":0.22339114546775819,"z":-0.050142738968133929,"w":0.9498102068901062},"size":3.8815484046936037,"orthographic":false}