{"cameraMode":{"drawMode":0,"name":"Shaded","section":"Shading Mode"},"sceneLighting":true,"audioPlay":false,"sceneViewState":{"m_AlwaysRefresh":false,"showFog":true,"showSkybox":true,"showFlares":true,"showImageEffects":true,"showParticleSystems":true,"showVisualEffectGraphs":true,"m_FxEnabled":true},"in2DMode":false,"pivot":{"x":5.889637470245361,"y":0.47633159160614016,"z":2.364845037460327},"rotation":{"x":-0.13489499688148499,"y":-0.00683973915874958,"z":0.0009306350257247686,"w":-0.9908402562141419},"size":10.636667251586914,"orthographic":false}