{"cameraMode":{"drawMode":0,"name":"Shaded","section":"Shading Mode"},"sceneLighting":true,"audioPlay":false,"sceneViewState":{"m_AlwaysRefresh":false,"showFog":true,"showSkybox":true,"showFlares":true,"showImageEffects":true,"showParticleSystems":true,"showVisualEffectGraphs":true,"m_FxEnabled":false},"in2DMode":false,"pivot":{"x":-0.5060999393463135,"y":1.6320414543151856,"z":3.675102710723877},"rotation":{"x":-0.022325031459331514,"y":0.7416266202926636,"z":-0.024712154641747476,"w":-0.6699965596199036},"size":0.8660253882408142,"orthographic":false}